{"nnode": 182, "coord": [[0.923879504, 0.382683426], [0.707106769, 0.707106769], [0.382683426, 0.923879504], [0.0, 1.0], [-0.382683426, 0.923879504], [-0.707106769, 0.707106769], [-0.923879504, 0.382683426], [-1.0, 0.0], [-0.923879504, -0.382683426], [-0.707106769, -0.707106769], [-0.382683426, -0.923879504], [0.0, -1.0], [0.382683426, -0.923879504], [0.707106769, -0.707106769], [0.923879504, -0.382683426], [1.0, 0.0], [3.0, 2.0], [-3.0, 2.0], [-3.0, -2.0], [3.0, -2.0], [2.5999999, 2.0], [2.20000005, 2.0], [1.79999995, 2.0], [1.39999998, 2.0], [1.0, 2.0], [0.600000024, 2.0], [0.200000003, 2.0], [-0.200000003, 2.0], [-0.600000024, 2.0], [-1.0, 2.0], [-1.39999998, 2.0], [-1.79999995, 2.0], [-2.20000005, 2.0], [-2.5999999, 2.0], [-3.0, 1.60000002], [-3.0, 1.20000005], [-3.0, 0.800000012], [-3.0, 0.400000006], [-3.0, 0.0], [-3.0, -0.400000006], [-3.0, -0.800000012], [-3.0, -1.20000005], [-3.0, -1.60000002], [-2.5999999, -2.0], [-2.20000005, -2.0], [-1.79999995, -2.0], [-1.39999998, -2.0], [-1.0, -2.0], [-0.600000024, -2.0], [-0.200000003, -2.0], [0.200000003, -2.0], [0.600000024, -2.0], [1.0, -2.0], [1.39999998, -2.0], [1.79999995, -2.0], [2.20000005, -2.0], [2.5999999, -2.0], [3.0, -1.60000002], [3.0, -1.20000005], [3.0, -0.800000012], [3.0, -0.400000006], [3.0, 0.0], [3.0, 0.400000006], [3.0, 0.800000012], [3.0, 1.20000005], [3.0, 1.60000002], [2.64616609, -1.0152458], [2.00477147, -1.64190388], [1.18896425, -1.60332763], [0.271926135, -1.29190457], [-1.59356523, -1.6696254], [-2.00706196, -1.65298593], [-2.45182109, -1.64477634], [-2.64770961, -0.605740249], [-2.65283561, 0.600485504], [-2.64452457, 1.01707745], [-2.00474048, 1.64198065], [-1.19064295, 1.60334349], [-0.271927178, 1.29190063], [1.09504831, 0.774347723], [1.59207463, 1.6679585], [2.64706516, 0.606195986], [2.65262198, 0.20153515], [2.65319753, -0.601167202], [1.31748319, -0.252207488], [-1.09539247, -0.774561882], [1.2032305, 1.66624284], [0.684962153, 1.06079435], [0.814091623, 1.66845858], [0.264508814, 1.28558111], [0.419554532, 1.66704977], [-0.000902818865, 1.65259767], [-0.415384203, 1.67365897], [-0.742322445, 1.09372461], [-0.78927964, 1.68147111], [-1.13924801, 0.737330139], [-1.61348426, 1.64595354], [-2.6424439, 1.45498168], [-1.31909037, 0.251854658], [-2.65400648, 0.200155646], [-2.6533227, -0.200913385], [-1.32077193, -0.271300256], [-2.6397562, -1.00631392], [-1.20488572, -1.66622245], [-0.68501997, -1.06083286], [-0.81436795, -1.66845798], [-0.264517307, -1.28558779], [-0.419602096, -1.66705143], [0.000893302844, -1.65259957], [0.415377647, -1.67366135], [0.740696788, -1.09311736], [0.788631499, -1.68134332], [1.13815558, -0.735482156], [1.61346877, -1.64677739], [2.64272165, -1.45451081], [2.65399408, -0.19968684], [1.32026362, 0.272369623], [2.00667691, 1.65146124], [2.64116764, 1.0056057], [2.45329571, 1.64373744], [2.3401053, -1.67051911], [-2.3400209, 1.67082858], [-1.52467108, 0.576173365], [2.27887225, 0.798441827], [1.6589148, 0.00574714085], [2.29045916, -0.80925256], [1.04181659, 1.28719735], [-0.624261975, 1.42648137], [-1.47518325, 1.33693433], [-2.24780726, 1.2669009], [-2.30674529, -0.395680964], [-2.28106165, -0.796016812], [-1.04357111, -1.28720844], [0.623368382, -1.42618406], [2.24520254, -1.26736307], [1.56707764, 0.660830021], [1.76416051, 1.32982695], [2.24141145, 1.24716461], [1.52310288, -0.574923754], [1.16932642, -1.18589175], [-1.41302097, -1.40330946], [-1.767892, -1.33272326], [-2.66795802, -1.34189677], [-2.29077506, 0.812580287], [-1.17175269, 1.18644392], [2.29762697, -0.400417626], [1.41290545, 1.40270495], [0.644986749, 1.39381623], [-1.81757164, 1.30502033], [-2.29799747, 0.402241766], [-2.31087589, 0.00147674757], [-1.5695802, -0.659106553], [-1.6602993, -0.00386836124], [-2.24232674, -1.24611318], [-0.645415664, -1.39382768], [1.47392642, -1.33812869], [1.81506979, -1.3052299], [2.31005454, 0.000682255311], [2.30317044, 0.39283976], [2.66717482, 1.33930159], [1.57155657, -0.96054697], [-1.9844681, -0.183771625], [1.98115849, 0.185421959], [1.4602474, 1.06796432], [1.90009868, -0.606359541], [-1.46169889, -1.06749821], [-0.90365195, 1.3982929], [-1.57429683, 0.961791456], [-1.96772218, 0.990851641], [-1.95253479, -0.552919209], [0.90219748, -1.39797282], [1.87715816, 0.944113433], [1.67419553, -0.323513091], [1.69571888, 0.336964339], [-1.87918246, -0.942396224], [-1.90066552, 0.609124482], [-1.97174001, 0.19220683], [-1.69753087, -0.3341932], [-1.67529321, 0.325098187], [1.9644773, -0.989750445], [1.97034144, -0.189739823], [1.950526, 0.553101897]], "nelem": 298,